1437064169,1001,Gibson,G-1001,400,5,10,RH,Rosewood,This is a good Gibson guitar,Maple,Fibreglass
1437113253,2001,Fender,F-2001,900,3,5,LH,Aluminum,This is an excellent left handed Fender guitar,Stainless Steel,Advanced
1437162337,3001,Rickenbacker,R-1001,1025,6,5,RH,Maple,Good Rickenbacker,Mahogany,Basic
1437211421,4001,Ibanez,I-3001,850,6,5,LH,Mahogany,Good Ibanez,Alder,Fibreglass
1437260505,5001,ESP,E-1001,399,6,20,RH,Alder,Nice ESP,Basewood,Wood
1437309589,6001,Jackson,J-5006,499,6,15,LH,Basewood,Nice Jackson,Rosewood,Fibreglass
1437358673,7001,Martin,M-9920,5000,6,3,RH,Rosewood,Expensive Martin,Aluminum,Advanced
1437407757,8001,Taylor,T-1569,6999,6,3,LH,Aluminum,Expensive Taylor,Maple,Basic
1437456841,9001,Guild,GL-125,700,6,6,RH,Maple,Nice Guild,Maple,Fibreglass
1437505925,1002,Seagull,S-1254,1200,6,6,LH,Aluminum,Good Seagull,Aluminum,Wood
1437555009,1003,Yamaha,Y-8978,15999,6,1,RH,Maple,Expensive Yamaha,Maple,Fibreglass
1437604093,1004,Ovation,O-2321,200,6,10,LH,Aluminum,Cheap Ovation,Aluminum,Advanced
1437653177,1005,Washburn,W-8977,19000,5,1,RH,Maple,Very Expensive Washburn,Maple,Basic
1437702261,1006,Epiphone,E-7894,1200,6,6,LH,Mahogany,Good,Basewood Epiphone,Fibreglass
1817889344,1007,Casio,CDP-130,299,88,10
1817889345,1008,Casio,CDP-150,399,88,4
1817889346,1009,Casio,CDP-130,599,88,3
