1537151702,Admin,Elden,Wicks,eldenwicks,myPassword,6462900888,2/2/20,Admin
1537210524,Admin,Deeps,Chauhan,cdeepshikha,herPassw0rd,6462877777,2/11/20,Operations
1537269346,Buyer,Ryan,Rogers,ryanwicks,hisPwd!@#, ryanwicks@gmail.com,75 Page Road Bedford
1537328168,Buyer,Kabir,Khan,kkhan,khan!@#,kabirkhan@gmail.com,36 Cambridge Rd
1537386990,Admin,Joe,Lefty,jlefty,jl%^&234,5012345960,2/5/20,Developer
1537445812,Admin,Jaquelyn,Seiller,jseiller0,q6MN7ljLfjT,1929291324,1/23/19,Operations
1537504634,Admin,Dominica,Courtenay,dcourtenay1,fbko4gp,3983075971,1/28/20,Developer
1537563456,Admin,Ardyce,Parry,aparry2,kg6l46,6329989207,1/1/19,Operations
1537622278,Admin,Darn,Stuckley,dstuckley3,W4iO8DauSdmn,6943709053,5/17/19,Helpdesk
1537681100,Admin,Randell,Whelan,rwhelan4,MicMVm,1598843733,7/17/19,Admin
1537739922,Admin,Verne,Ricart,vricart5,iXNX9HVBco,9714479795,3/1/19,Manager
1537798744,Admin,Abdel,Still,astill6,pPg8Jwh,5241911969,2/6/20,Developer
1537857566,Admin,Samuel,Gogerty,sgogerty7,4xF0XbdeFXDT,9132935704,6/16/19,Developer
1537916388,Admin,Mozelle,Cracknall,mcracknall8,bhsPoHO3,5107605728,7/4/19,Admin
1537975210,Admin,Davidde,Bramstom,dbramstom9,TZTj6t,4172707999,7/5/19,Developer
1538034032,Buyer,Arline,Lisciandro,alisciandro0,0me9vljZpXiT,alisciandro0@free.fr,1 Barnett Park
1538092854,Buyer,Tuesday,March,tmarch1,L1UPAyghibxE,tmarch1@tumblr.com,502 Division Trail
1538151676,Buyer,Linn,Sneath,lsneath2,qMiNXHp3Dk,lsneath2@prlog.org,9864 Leroy Crossing
1538210498,Buyer,Kala,Whitham,kwhitham3,5f0ghcsHvT7F,kwhitham3@alibaba.com,68 Mandrake Junction
1538269320,Buyer,Margarette,Tutill,mtutill4,UfcsAb88Pd2,mtutill4@nationalgeographic.com,54 Eggendart Place
