OrderId,UserId,FirstName,LastName,Role,ProductId,Brand,Model,Price
8880005,2000000006,Kabir,Khan,Buyer,1000000002,Fender,F-2001,900
8880003,2000000006,Kabir,Khan,Buyer,1000000004,Gibson,G-1002,599
8880004,2000000006,Kabir,Khan,Buyer,1000000003,Ricken,R-1001,1200
8880007,2000000007,Rafa,Nadal,Buyer,1000000005,Fender,F-2002,1900
8880008,2000000007,Rafa,Nadal,Buyer,1000000006,Ricken,R-1002,22000
8880006,2000000003,Ryan,Rogers,Buyer,1000000004,Gibson,G-1002,599
8880001,2000000003,Ryan,Rogers,Buyer,1000000001,Gibson,G-1001,1200
8880002,2000000003,Ryan,Rogers,Buyer,1000000006,Ricken,R-1002,22000
