ProuctId,ItemNum,Brand,Model,Price,StringsOrKeys,Stock,Orientation,Attribute1,Attribute2,Attribute3,Attribute4
1000000006,6001,Ricken,R-1002,22000,6,2,RH,Copper,Great and Expensive Rickenbacker,Bamboo,Advanced
1000000005,5001,Fender,F-2002,1900,3,5,RH,Steel,This is an excellent right handed Fender guitar,Plastic,Advanced
1000000001,1001,Gibson,G-1001,1200,5,8,RH,Rosewood,This is a good Gibson guitar,Maple,Fibreglass
1000000003,3001,Ricken,R-1001,1200,6,5,RH,Maple,Good Rickenbacker,Teak,Basic
1000000002,2001,Fender,F-2001,900,3,5,LH,Aluminum,This is an excellent left handed Fender guitar,Stainless Steel,Advanced
1000000004,4001,Gibson,G-1002,599,6,12,RH,Rosewood,This is a great Gibson guitar,Maple,Metal
