UserId,Role,FirstName,LastName,Username,Password,Contact,Attribute1,Attribute2
2000000005,Admin,Sonal,Adiverekar,csokar,$0Passw0rd,6462877777,2/11/2020,Support
2000000004,Admin,Chetan,Adiverekar,cadevere,cadPWD123,6462900334,1/2/2020,Manager
2000000002,Admin,Deeps,Chauhan,eepshikha,d33pPassw0rd,6462877777,2/11/2020,Operations
2000000001,Admin,Elden,Wicks,eldenwicks,ewicksPa$$w0rd,6462900888,2/2/2020,Administrator
2000000006,Buyer,Kabir,Khan,kkhan,kK@&!R!@#,kabirkhan@aol.com,36 Cambridge Road Woburn,
2000000007,Buyer,Rafa,Nadal,vamos,RN@d@!,rafa@nadal.com,1 Madrid Road Catalonia,
2000000003,Buyer,Ryan,Rogers,ryanwicks,ryanPwd!@#,ryanwicks@gmail.com,75 Page Road Bedford,
2000000008,Buyer,Rohit,Shetty,rohitshetty,r$h#tty,rohit@bolly.com,36 Shivaji Road Mumbai,
